date,expiration,strike,call_put,bid,ask,vol
2025-09-26,2025-10-10,180.00,Call,75.00,76.35,0.6398
2025-09-26,2025-10-10,180.00,Put,0.01,0.02,0.6398
2025-09-26,2025-10-10,190.00,Call,65.00,66.40,0.5717
2025-09-26,2025-10-10,190.00,Put,0.02,0.04,0.5717
2025-09-26,2025-10-10,205.00,Call,50.05,51.20,0.5309
2025-09-26,2025-10-10,205.00,Put,0.05,0.06,0.5001
2025-09-26,2025-10-10,210.00,Call,45.10,45.95,0.4605
2025-09-26,2025-10-10,210.00,Put,0.06,0.15,0.4605
2025-09-26,2025-10-10,217.50,Call,37.60,39.10,0.3690
2025-09-26,2025-10-10,217.50,Put,0.08,0.10,0.3799
2025-09-26,2025-10-10,222.50,Call,32.65,34.10,0.3330
2025-09-26,2025-10-10,222.50,Put,0.10,0.12,0.3431
2025-09-26,2025-10-10,230.00,Call,25.70,26.20,0.2869
2025-09-26,2025-10-10,230.00,Put,0.18,0.19,0.2967
2025-09-26,2025-10-10,235.00,Call,20.70,21.25,0.2422
2025-09-26,2025-10-10,235.00,Put,0.29,0.31,0.2708
2025-09-26,2025-10-10,240.00,Call,16.20,16.55,0.2519
2025-09-26,2025-10-10,240.00,Put,0.52,0.55,0.2485
2025-09-26,2025-10-10,245.00,Call,11.80,11.95,0.2335
2025-09-26,2025-10-10,245.00,Put,1.02,1.06,0.2321
2025-09-26,2025-10-10,247.50,Call,9.65,9.95,0.2268
2025-09-26,2025-10-10,247.50,Put,1.44,1.48,0.2254
2025-09-26,2025-10-10,250.00,Call,7.80,7.95,0.2207
2025-09-26,2025-10-10,250.00,Put,1.98,2.09,0.2193
2025-09-26,2025-10-10,252.50,Call,6.05,6.25,0.2158
2025-09-26,2025-10-10,252.50,Put,2.76,2.90,0.2152
2025-09-26,2025-10-10,255.00,Call,4.55,4.75,0.2117
2025-09-26,2025-10-10,255.00,Put,3.75,3.90,0.2106
2025-09-26,2025-10-10,257.50,Call,3.35,3.45,0.2086
2025-09-26,2025-10-10,257.50,Put,4.95,5.15,0.2059
2025-09-26,2025-10-10,260.00,Call,2.38,2.45,0.2071
2025-09-26,2025-10-10,260.00,Put,6.50,6.85,0.2091
2025-09-26,2025-10-10,262.50,Call,1.65,1.71,0.2074
2025-09-26,2025-10-10,262.50,Put,8.00,8.45,0.1949
2025-09-26,2025-10-10,265.00,Call,1.04,1.16,0.2054
2025-09-26,2025-10-10,265.00,Put,10.00,10.65,0.2017
2025-09-26,2025-10-10,270.00,Call,0.48,0.51,0.2116
2025-09-26,2025-10-10,270.00,Put,14.45,15.10,0.2016
2025-09-26,2025-10-10,275.00,Call,0.23,0.25,0.2237
2025-09-26,2025-10-10,275.00,Put,19.10,20.15,0.2237
2025-09-26,2025-10-10,280.00,Call,0.13,0.14,0.2410
2025-09-26,2025-10-10,280.00,Put,24.05,25.15,0.2410
2025-09-26,2025-10-10,285.00,Call,0.07,0.08,0.2558
2025-09-26,2025-10-10,285.00,Put,29.00,30.20,0.2558
2025-09-26,2025-10-10,295.00,Call,0.02,0.11,0.3180
2025-09-26,2025-10-10,295.00,Put,39.00,40.20,0.3180
2025-09-26,2025-10-10,300.00,Call,0.01,0.03,0.3193
2025-09-26,2025-10-10,300.00,Put,44.05,45.00,0.3193
2025-09-26,2025-10-10,305.00,Call,0.01,0.03,0.3433
2025-09-26,2025-10-10,305.00,Put,49.00,50.20,0.3433
2025-09-26,2025-10-10,320.00,Call,0.00,0.01,0.4152
2025-09-26,2025-10-10,320.00,Put,64.05,65.15,0.4152
2025-09-26,2025-10-10,325.00,Call,0.00,0.02,0.4392
2025-09-26,2025-10-10,325.00,Put,69.00,70.20,0.4392
2025-09-26,2025-10-24,180.00,Call,75.30,76.75,0.4816
2025-09-26,2025-10-24,180.00,Put,0.06,0.08,0.5187
2025-09-26,2025-10-24,190.00,Call,65.35,66.60,0.4638
2025-09-26,2025-10-24,190.00,Put,0.09,0.10,0.4638
2025-09-26,2025-10-24,205.00,Call,50.45,52.15,0.4067
2025-09-26,2025-10-24,205.00,Put,0.16,0.17,0.3865
2025-09-26,2025-10-24,210.00,Call,45.55,46.85,0.3315
2025-09-26,2025-10-24,210.00,Put,0.18,0.20,0.3577
2025-09-26,2025-10-24,215.00,Call,40.60,42.10,0.3355
2025-09-26,2025-10-24,215.00,Put,0.24,0.26,0.3361
2025-09-26,2025-10-24,225.00,Call,31.10,31.85,0.2770
2025-09-26,2025-10-24,225.00,Put,0.44,0.46,0.2931
2025-09-26,2025-10-24,230.00,Call,26.65,27.25,0.2896
2025-09-26,2025-10-24,230.00,Put,0.63,0.66,0.2744
2025-09-26,2025-10-24,235.00,Call,21.90,22.45,0.2617
2025-09-26,2025-10-24,235.00,Put,0.96,1.00,0.2592
2025-09-26,2025-10-24,240.00,Call,17.55,17.85,0.2464
2025-09-26,2025-10-24,240.00,Put,1.50,1.54,0.2460
2025-09-26,2025-10-24,245.00,Call,13.50,13.70,0.2366
2025-09-26,2025-10-24,245.00,Put,2.27,2.41,0.2328
2025-09-26,2025-10-24,250.00,Call,9.80,10.10,0.2284
2025-09-26,2025-10-24,250.00,Put,3.65,3.80,0.2265
2025-09-26,2025-10-24,255.00,Call,6.75,7.00,0.2217
2025-09-26,2025-10-24,255.00,Put,5.60,5.70,0.2196
2025-09-26,2025-10-24,260.00,Call,4.40,4.60,0.2180
2025-09-26,2025-10-24,260.00,Put,8.20,8.35,0.2151
2025-09-26,2025-10-24,265.00,Call,2.65,2.84,0.2144
2025-09-26,2025-10-24,265.00,Put,11.20,11.95,0.2110
2025-09-26,2025-10-24,270.00,Call,1.56,1.71,0.2153
2025-09-26,2025-10-24,270.00,Put,15.20,15.85,0.2103
2025-09-26,2025-10-24,275.00,Call,0.90,0.98,0.2172
2025-09-26,2025-10-24,275.00,Put,19.65,20.30,0.2137
2025-09-26,2025-10-24,280.00,Call,0.52,0.55,0.2208
2025-09-26,2025-10-24,280.00,Put,24.20,25.15,0.2097
2025-09-26,2025-10-24,285.00,Call,0.31,0.33,0.2276
2025-09-26,2025-10-24,285.00,Put,29.00,30.25,0.2276
2025-09-26,2025-10-24,295.00,Call,0.12,0.13,0.2440
2025-09-26,2025-10-24,295.00,Put,39.00,40.25,0.2440
2025-09-26,2025-10-24,300.00,Call,0.08,0.11,0.2581
2025-09-26,2025-10-24,300.00,Put,44.05,45.25,0.3159
2025-09-26,2025-10-24,305.00,Call,0.05,0.07,0.2914
2025-09-26,2025-10-24,305.00,Put,49.00,50.25,0.3202
2025-09-26,2025-10-24,320.00,Call,0.01,0.18,0.4173
2025-09-26,2025-10-24,320.00,Put,64.05,65.25,0.4173
2025-09-26,2025-10-24,325.00,Call,0.00,0.04,0.4173
2025-09-26,2025-10-24,325.00,Put,69.00,70.25,0.4173
2025-09-26,2025-11-21,180.00,Call,75.70,77.45,0.4332
2025-09-26,2025-11-21,180.00,Put,0.23,0.26,0.4351
2025-09-26,2025-11-21,190.00,Call,66.50,66.95,0.3937
2025-09-26,2025-11-21,190.00,Put,0.34,0.37,0.3995
2025-09-26,2025-11-21,205.00,Call,51.60,52.65,0.3473
2025-09-26,2025-11-21,205.00,Put,0.65,0.67,0.3506
2025-09-26,2025-11-21,210.00,Call,46.90,47.55,0.3235
2025-09-26,2025-11-21,210.00,Put,0.81,0.84,0.3353
2025-09-26,2025-11-21,215.00,Call,42.55,42.80,0.3263
2025-09-26,2025-11-21,215.00,Put,1.04,1.08,0.3219
2025-09-26,2025-11-21,225.00,Call,33.35,33.65,0.3024
2025-09-26,2025-11-21,225.00,Put,1.78,1.82,0.2979
2025-09-26,2025-11-21,230.00,Call,28.95,29.20,0.2903
2025-09-26,2025-11-21,230.00,Put,2.34,2.39,0.2871
2025-09-26,2025-11-21,235.00,Call,24.70,25.00,0.2801
2025-09-26,2025-11-21,235.00,Put,3.10,3.15,0.2775
2025-09-26,2025-11-21,240.00,Call,20.70,21.05,0.2713
2025-09-26,2025-11-21,240.00,Put,4.05,4.20,0.2690
2025-09-26,2025-11-21,245.00,Call,17.05,17.35,0.2638
2025-09-26,2025-11-21,245.00,Put,5.30,5.50,0.2608
2025-09-26,2025-11-21,250.00,Call,13.75,14.00,0.2574
2025-09-26,2025-11-21,250.00,Put,7.05,7.20,0.2561
2025-09-26,2025-11-21,255.00,Call,10.90,11.05,0.2528
2025-09-26,2025-11-21,255.00,Put,9.05,9.25,0.2495
2025-09-26,2025-11-21,260.00,Call,8.40,8.50,0.2480
2025-09-26,2025-11-21,260.00,Put,11.60,11.75,0.2457
2025-09-26,2025-11-21,265.00,Call,6.30,6.50,0.2454
2025-09-26,2025-11-21,265.00,Put,14.50,15.15,0.2476
2025-09-26,2025-11-21,270.00,Call,4.65,4.75,0.2421
2025-09-26,2025-11-21,270.00,Put,17.85,18.45,0.2440
2025-09-26,2025-11-21,275.00,Call,3.35,3.45,0.2405
2025-09-26,2025-11-21,275.00,Put,21.30,22.25,0.2381
2025-09-26,2025-11-21,280.00,Call,2.36,2.50,0.2400
2025-09-26,2025-11-21,280.00,Put,25.45,26.15,0.2334
2025-09-26,2025-11-21,285.00,Call,1.69,1.74,0.2402
2025-09-26,2025-11-21,285.00,Put,29.60,30.70,0.2290
2025-09-26,2025-11-21,295.00,Call,0.84,0.87,0.2438
2025-09-26,2025-11-21,295.00,Put,38.75,40.45,0.2438
2025-09-26,2025-11-21,300.00,Call,0.59,0.61,0.2460
2025-09-26,2025-11-21,300.00,Put,43.85,45.40,0.2460
2025-09-26,2025-11-21,305.00,Call,0.41,0.43,0.2484
2025-09-26,2025-11-21,305.00,Put,48.75,50.45,0.2484
2025-09-26,2025-11-21,320.00,Call,0.14,0.16,0.2578
2025-09-26,2025-11-21,320.00,Put,63.85,65.40,0.2578
2025-09-26,2025-11-21,330.00,Call,0.07,0.09,0.2658
2025-09-26,2025-11-21,330.00,Put,73.85,75.40,0.2658
